hub_id,latitude,longitude,customers
1,12.879852838542355,77.59687727896359,2500
2,13.039848495135688,77.75132374746305,1889
3,12.972338961783999,77.6424790576168,2500
4,12.911963316674852,77.67365714529599,2500
5,13.104013224010625,77.58147996707916,2500
6,12.865074115155306,77.78051627249067,1369
7,12.92855371019622,77.72477452292576,2500
8,13.055482852882815,77.53428679535087,723
9,12.95999798175485,77.71775582769892,2500
10,12.922155964302204,77.50794170261302,1029
11,12.99066920415126,77.61551470931433,2500
12,12.918029443448335,77.61331942849131,2500
13,12.853639939997146,77.69972305813334,1697
14,13.065917633725906,77.65379154535658,1868
15,13.061435851216036,77.5936310821108,1763
16,12.850677427794386,77.52911084172283,365
17,13.070155391207608,77.79361871798315,1766
18,12.991740600584938,77.57126816809082,2290
19,12.979361769447788,77.73605370330563,2500
20,12.971837906291647,77.69058521243514,2500
